#{"t_start": 1716139205.613808, "env_id": "LunarLander-v2"}
r,l,t
-138.822517,102,0.250544
-305.788483,112,0.480102
90.857599,1000,2.981142
-78.358172,82,3.16076
-86.391924,86,3.334287
-184.813476,160,3.661833
-323.683623,78,3.817875
-119.148552,93,4.009406
-274.817618,119,4.253943
-370.208884,138,4.542009
-75.370831,69,4.682534
