#{"t_start": 1716139286.8321187, "env_id": "LunarLander-v2"}
r,l,t
-320.36269,87,0.88639
-489.657662,84,1.642544
-510.466323,83,2.405648
-442.266203,77,3.046764
-131.726958,55,3.517702
-156.406662,52,3.925281
-109.077528,84,4.621765
-245.432412,65,5.140882
-188.390761,54,10.864485
-116.694013,52,10.945999
