#{"t_start": 1716139286.8341203, "env_id": "LunarLander-v2"}
r,l,t
-303.708267,88,0.887387
-381.846646,73,1.552516
-249.909455,60,2.102602
-428.54422,91,2.888738
-106.389344,61,3.410182
-241.668129,80,4.069655
-145.690035,53,4.489247
-364.909898,73,5.065871
-97.702015,52,10.41658
-92.212752,56,10.595618
