#{"t_start": 1716139286.851124, "env_id": "LunarLander-v2"}
r,l,t
-219.695687,67,0.682342
-812.322144,108,1.664539
-215.269122,58,2.200621
-89.655092,69,2.785219
-144.969169,58,3.272898
-152.254573,74,3.873265
-144.110985,58,4.341712
-182.07318,85,5.042866
-224.83531,50,10.317571
-136.545979,56,10.580612
