#{"t_start": 1716139286.8521218, "env_id": "LunarLander-v2"}
r,l,t
-441.810386,93,0.945897
-119.729484,69,1.541514
-576.313816,93,2.393647
-222.832751,77,3.031762
-234.345297,64,3.574212
-239.161508,66,4.130689
-223.128063,96,4.878808
11.514087,70,5.448421
-208.117911,56,10.489093
-179.379022,52,11.091515
