#{"t_start": 1716139286.8541234, "env_id": "LunarLander-v2"}
r,l,t
-7.371824,77,0.774863
-457.958336,86,1.543512
-608.012788,154,2.92825
-125.763089,56,3.39218
-135.185867,83,4.057651
-233.080386,61,4.560756
-116.464856,91,5.28139
