#{"t_start": 1716139286.8551214, "env_id": "LunarLander-v2"}
r,l,t
-300.361842,96,0.953896
-1243.924243,164,2.434167
-361.5193,82,3.126796
-117.056268,56,3.604726
-237.927368,61,4.098658
-126.357266,82,4.759294
-387.43489,74,5.341906
-114.514141,56,11.563516
