#{"t_start": 1716139286.857123, "env_id": "LunarLander-v2"}
r,l,t
-171.894451,60,0.578311
-206.810022,57,1.17644
-661.452117,90,1.946089
-247.079045,88,2.712235
-265.59627,78,3.39018
-260.553448,81,4.050654
-309.403769,66,4.566762
-217.333487,60,5.046868
-116.099685,57,11.270036
-152.333138,53,11.458057
