#{"t_start": 1716139286.858121, "env_id": "LunarLander-v2"}
r,l,t
-76.981047,57,0.570314
-465.060295,76,1.300963
-308.409627,104,2.232136
-458.290646,81,2.927253
-189.715557,71,3.530213
24.365344,107,4.371716
-125.350699,76,4.978331
-223.405244,50,11.000002
