#{"t_start": 1716139286.8361185, "env_id": "LunarLander-v2"}
r,l,t
-1202.912844,261,2.479169
-463.478642,79,3.114772
-178.938861,67,3.681241
-160.462801,69,4.238199
-214.115822,83,4.896811
-234.07093,59,5.38991
-240.141136,52,10.942999
-221.668273,50,11.020005
