#{"t_start": 1716139286.8381176, "env_id": "LunarLander-v2"}
r,l,t
-195.370766,102,1.047415
-515.819209,84,1.791059
-425.054283,83,2.551683
-288.16224,80,3.206805
-152.294849,81,3.841273
22.363281,103,4.710786
-327.560122,69,5.259396
-111.722812,53,11.371552
