#{"t_start": 1716139286.84012, "env_id": "LunarLander-v2"}
r,l,t
-309.465043,102,1.046412
-612.183592,102,1.928089
-380.079608,102,2.835736
-153.77358,56,3.321917
-157.146073,89,4.026402
-220.54301,59,4.513252
-272.48653,61,4.992334
-116.424052,51,10.764975
