#{"t_start": 1716139286.8421197, "env_id": "LunarLander-v2"}
r,l,t
-232.943615,130,1.281959
-420.975076,83,2.026603
-430.821306,78,2.693709
-276.558942,69,3.279902
-144.592126,61,3.774755
-114.072513,71,4.349717
-221.507231,63,4.85781
-215.454161,52,5.290393
-212.78147,51,10.158011
-109.838805,56,11.575518
