#{"t_start": 1716139286.8431184, "env_id": "LunarLander-v2"}
r,l,t
-812.358133,191,1.822566
-1586.008558,194,3.504704
-106.492125,89,4.227201
-256.503755,90,4.930334
-220.090052,52,10.23807
