#{"t_start": 1716139286.8451178, "env_id": "LunarLander-v2"}
r,l,t
-493.735743,98,1.002901
-508.040774,84,1.74306
-1538.538039,200,3.473706
-113.984817,66,3.986403
-111.598588,55,4.445249
-361.185999,75,5.052874
-115.775302,54,10.676466
-131.860747,54,11.187532
-203.192168,53,11.468062
-35.217163,54,11.660537
