#{"t_start": 1716139286.8471227, "env_id": "LunarLander-v2"}
r,l,t
-2162.91088,250,2.351643
-285.462709,92,3.133795
-332.003658,90,3.839267
-348.419285,83,4.539757
-379.831252,93,5.287391
