#{"t_start": 1716139286.8481183, "env_id": "LunarLander-v2"}
r,l,t
-412.676553,114,1.147444
-170.803865,66,1.709558
-559.002,84,2.475169
-314.634237,67,3.032766
-151.59988,62,3.570214
-103.198191,58,4.020657
-301.547733,78,4.667783
-300.124338,71,5.220394
-199.044214,56,10.583618
