#{"t_start": 1716139230.315776, "env_id": "LunarLander-v2"}
r,l,t
-293.698374,105,0.234547
-212.527241,100,0.449095
-163.770088,96,0.651635
-298.531799,96,0.861663
-118.03575,81,1.043687
-207.655508,77,2.889137
-117.923673,91,3.066179
-132.063311,103,3.285707
-155.741399,67,3.424225
-113.860474,85,3.602244
-96.80493,76,3.772775
