#{"t_start": 1716139230.3177774, "env_id": "LunarLander-v2"}
r,l,t
-206.833206,124,0.276059
-196.553973,97,0.483094
-92.45218,123,0.740151
-380.983682,94,0.944171
-200.401278,89,2.82511
-121.615446,100,3.028669
-135.618057,107,3.252706
-263.408991,106,3.47773
-117.127055,64,3.607248
-160.39303,110,3.842289
