#{"t_start": 1716139230.3297722, "env_id": "LunarLander-v2"}
r,l,t
-317.071087,103,0.217555
-437.538383,103,0.438098
-87.859198,72,0.589617
-165.578104,99,0.801155
-293.630435,88,0.999177
-83.473402,57,2.802108
-345.965262,118,3.041182
-65.47965,81,3.213203
-60.48808,68,3.356223
-220.472002,85,3.536248
-59.390107,110,3.772778
