#{"t_start": 1716139230.3307722, "env_id": "LunarLander-v2"}
r,l,t
-120.814537,78,0.164547
-226.999388,95,0.371583
-133.920746,77,0.526613
-195.555388,66,0.666638
-139.147447,109,0.901664
-94.319629,76,1.082689
-113.616821,60,2.88914
-59.893821,110,3.101186
-126.057074,102,3.318716
-72.702793,65,3.461736
-92.327821,81,3.625268
-81.241939,66,3.774779
