#{"t_start": 1716139230.3317711, "env_id": "LunarLander-v2"}
r,l,t
-65.44711,98,0.205552
-83.003371,87,0.394583
-154.083977,115,0.63464
-271.2855,112,0.875668
-251.485121,107,2.793109
-95.700296,71,2.94167
-206.620199,112,3.163201
-125.935861,86,3.351224
-62.268071,58,3.47774
-109.981582,66,3.609761
-80.301847,78,3.78278
