#{"t_start": 1716139230.3337731, "env_id": "LunarLander-v2"}
r,l,t
-175.054182,118,0.247063
-82.987572,62,0.383581
-332.458247,91,0.568615
-104.672404,85,0.751155
-113.570799,92,0.954175
-220.92917,80,2.814114
-97.068909,73,2.960668
-127.183096,83,3.1262
-340.625596,112,3.367224
-164.915076,93,3.562249
-85.825806,80,3.739778
