#{"t_start": 1716139230.3347733, "env_id": "LunarLander-v2"}
r,l,t
-96.907701,88,0.182545
-392.985385,147,0.495098
-99.601132,85,0.67164
-155.01768,79,0.848664
-90.840384,103,1.081688
-94.81592,68,2.902158
-117.268203,104,3.104687
-123.860848,83,3.283711
15.482277,74,3.443734
-168.869077,130,3.720777
