#{"t_start": 1716139230.3367822, "env_id": "LunarLander-v2"}
r,l,t
-337.796171,99,0.203542
-300.695073,87,0.392573
-32.036692,88,0.573606
-59.795096,84,0.754146
-113.662207,95,0.964166
-106.911158,68,2.793098
-101.958295,94,2.986659
-223.568228,121,3.239702
-212.63204,130,3.51273
-182.999947,137,3.803772
