#{"t_start": 1716139230.3187726, "env_id": "LunarLander-v2"}
r,l,t
-331.735092,98,0.21755
-135.653177,88,0.409584
-279.207111,114,0.646641
-331.977473,85,0.830158
-115.264322,69,0.984175
-85.987773,65,2.804109
-173.971619,104,3.018672
-123.223898,78,3.173202
-107.607319,122,3.438735
-134.644512,112,3.675268
-75.256785,89,3.862294
