#{"t_start": 1716139230.320771, "env_id": "LunarLander-v2"}
r,l,t
-137.914485,78,0.173548
-275.921505,91,0.373585
-81.748954,68,0.512103
-308.133233,107,0.737157
-308.682161,103,0.963178
-413.233508,114,2.898141
-114.653062,116,3.123694
-154.697539,102,3.342227
-236.340719,92,3.53825
-118.857123,105,3.76578
