#{"t_start": 1716139230.3217719, "env_id": "LunarLander-v2"}
r,l,t
-66.429194,71,0.157547
-256.097015,85,0.338587
-307.13999,96,0.539615
-337.398239,88,0.727645
-338.039036,95,0.932176
-244.268029,98,2.837141
-68.114434,74,2.983671
-288.487389,118,3.229204
-236.623384,105,3.452735
-211.551717,125,3.717272
