#{"t_start": 1716139230.3237731, "env_id": "LunarLander-v2"}
r,l,t
-100.866815,92,0.200546
-163.481075,129,0.478098
-322.105786,111,0.706642
-127.394378,97,0.916668
-89.342092,66,1.075688
-172.590877,123,3.004668
-251.578877,91,3.1872
-326.16299,87,3.376223
-73.631068,57,3.501735
-149.731042,87,3.681267
-107.928133,82,3.85329
