#{"t_start": 1716139230.3247726, "env_id": "LunarLander-v2"}
r,l,t
-52.694328,81,0.176546
-213.975445,67,0.318071
-99.34388,68,0.4661
-72.573636,72,0.61613
-116.00461,61,0.743155
-130.618754,127,1.029689
-173.849364,82,2.88814
-205.501558,102,3.086181
-230.215413,86,3.27071
-116.978538,102,3.489739
-169.542989,97,3.691268
