#{"t_start": 1716139230.3257718, "env_id": "LunarLander-v2"}
r,l,t
-63.682329,64,0.134548
-170.382556,114,0.386582
-98.850935,92,0.572617
-24.064424,121,0.838665
-148.317546,109,1.084689
-99.980159,76,2.921156
-119.511193,73,3.063185
-239.319088,78,3.230712
-219.781202,76,3.389225
-191.516005,81,3.559249
-84.964807,73,3.718273
