#{"t_start": 1716139230.3267717, "env_id": "LunarLander-v2"}
r,l,t
-348.39164,87,0.186548
-84.950696,61,0.316072
-141.823874,75,0.4801
-122.682148,65,0.61513
-298.868287,103,0.838667
-187.966228,108,1.08169
-105.755267,79,2.924664
-129.24356,75,3.070183
-147.027631,76,3.234712
-87.242812,74,3.388225
-90.757299,82,3.560249
-136.380869,60,3.690269
