#{"t_start": 1716139230.3277726, "env_id": "LunarLander-v2"}
r,l,t
-90.573343,67,0.140546
-319.079462,100,0.361582
-300.054775,94,0.550613
-315.355192,123,0.819158
-134.948924,70,0.976176
-119.449571,92,2.860144
-116.018426,64,2.984671
-196.714675,117,3.22971
-141.350047,99,3.438734
-191.191809,126,3.704268
