#{"t_start": 1716140370.1476889, "env_id": "LunarLander-v2"}
r,l,t
-170.538746,211,10.96241
15.267883,148,19.378708
-1.89744,221,32.883493
