#{"t_start": 1716140370.1656952, "env_id": "LunarLander-v2"}
r,l,t
171.901194,383,20.780649
