#{"t_start": 1716140370.1677, "env_id": "LunarLander-v2"}
r,l,t
-61.239979,136,6.884776
