#{"t_start": 1716140370.1496897, "env_id": "LunarLander-v2"}
r,l,t
-100.728333,114,5.722408
