#{"t_start": 1716140370.153693, "env_id": "LunarLander-v2"}
r,l,t
-113.237572,110,5.487366
