#{"t_start": 1716140370.154693, "env_id": "LunarLander-v2"}
r,l,t
-128.9626,77,3.866474
