#{"t_start": 1716140370.1576924, "env_id": "LunarLander-v2"}
r,l,t
6.58115,311,16.566795
